ID,Title,Author,createdAt,createdBy,modifiedAt,modifiedBy
78676950-3c2c-4b8d-8658-bf21b7609256,Title-786769,Author-786769,2005-06-26T00:00:00.000Z,createdBy.gv2p@example.org,2020-01-27T00:00:00.000Z,modifiedBy.gv2p@example.org
786770c1-3192-4369-b0a9-0b9b36a3bddb,Title-786770,Author-786770,2010-03-30T00:00:00.000Z,createdBy.gv2q@example.net,2004-06-11T00:00:00.000Z,modifiedBy.gv2q@example.net
78677126-ea99-4284-804e-d54141495e87,Title-786771,Author-786771,2011-11-14T00:00:00.000Z,createdBy.gv2r@example.net,2021-06-28T00:00:00.000Z,modifiedBy.gv2r@example.org
7867727d-8ba4-452c-80d5-2347e18c634e,Title-786772,Author-786772,2017-06-24T00:00:00.000Z,createdBy.gv2s@example.net,2011-09-20T00:00:00.000Z,modifiedBy.gv2s@example.net
78677356-bff1-4785-80ee-09f50d2f6d0f,Title-786773,Author-786773,2014-02-11T00:00:00.000Z,createdBy.gv2t@example.com,2011-07-06T00:00:00.000Z,modifiedBy.gv2t@example.com
78677491-064a-4d1e-a6bd-c01256a2f965,Title-786774,Author-786774,2015-01-31T00:00:00.000Z,createdBy.gv2u@example.org,2021-04-08T00:00:00.000Z,modifiedBy.gv2u@example.net
7867759e-a970-4f55-a0d5-2cba0d2d1793,Title-786775,Author-786775,2014-12-30T00:00:00.000Z,createdBy.gv2v@example.com,2005-11-04T00:00:00.000Z,modifiedBy.gv2v@example.org
786776d2-b364-4f6c-949e-ee4d13ddf33e,Title-786776,Author-786776,2000-02-26T00:00:00.000Z,createdBy.gv2w@example.com,2010-12-21T00:00:00.000Z,modifiedBy.gv2w@example.org
78677764-045a-49d8-82c5-3d141d812a4c,Title-786777,Author-786777,2018-09-05T00:00:00.000Z,createdBy.gv2x@example.com,2006-03-31T00:00:00.000Z,modifiedBy.gv2x@example.com
786778c7-37cb-4176-980c-173a1dba01f8,Title-786778,Author-786778,2015-02-12T00:00:00.000Z,createdBy.gv2y@example.net,2014-10-12T00:00:00.000Z,modifiedBy.gv2y@example.net